{
  "SPIKE": {
    "arithmetic": {
      "correct": 5,
      "total": 5,
      "accuracy": 1.0,
      "avg_time_ms": 3.635883331298828,
      "max_time_ms": 6.960391998291016
    },
    "memory": {
      "correct": 3,
      "total": 5,
      "accuracy": 0.6,
      "avg_learn_ms": 0.6130218505859375,
      "avg_recall_ms": 116.38669967651367
    },
    "tool_calling": {
      "correct": 3,
      "total": 3,
      "accuracy": 1.0,
      "avg_time_ms": 14.188925425211588
    },
    "robustness": {
      "correct": 5,
      "total": 5,
      "accuracy": 1.0,
      "avg_time_ms": 52.40144729614258
    },
    "memory_mb": 0.45084381103515625
  },
  "NOVA": {
    "arithmetic": {
      "correct": 5,
      "total": 5,
      "accuracy": 1.0,
      "avg_time_ms": 5.115652084350586,
      "max_time_ms": 7.359027862548828
    },
    "memory": {
      "correct": 5,
      "total": 5,
      "accuracy": 1.0,
      "avg_learn_ms": 1.1837482452392578,
      "avg_recall_ms": 5.579328536987305
    },
    "tool_calling": {
      "correct": 3,
      "total": 3,
      "accuracy": 1.0,
      "avg_time_ms": 11.280218760172525
    },
    "robustness": {
      "correct": 5,
      "total": 5,
      "accuracy": 1.0,
      "avg_time_ms": 8.254814147949219
    },
    "memory_mb": 57.53156661987305
  },
  "AETHER": {
    "arithmetic": {
      "correct": 3,
      "total": 5,
      "accuracy": 0.6,
      "avg_time_ms": 317.9293632507324,
      "max_time_ms": 401.9618034362793
    },
    "memory": {
      "correct": 3,
      "total": 5,
      "accuracy": 0.6,
      "avg_learn_ms": 276.2876510620117,
      "avg_recall_ms": 437.8085136413574
    },
    "tool_calling": {
      "correct": 0,
      "total": 3,
      "accuracy": 0.0,
      "avg_time_ms": 484.47593053181964
    },
    "robustness": {
      "correct": 1,
      "total": 5,
      "accuracy": 0.2,
      "avg_time_ms": 561.460018157959
    },
    "memory_mb": 0.0
  },
  "HYBRID": {
    "arithmetic": {
      "correct": 5,
      "total": 5,
      "accuracy": 1.0,
      "avg_time_ms": 3.2767772674560547,
      "max_time_ms": 4.55164909362793
    },
    "memory": {
      "correct": 3,
      "total": 5,
      "accuracy": 0.6,
      "avg_learn_ms": 2.0793914794921875,
      "avg_recall_ms": 119.37260627746582
    },
    "tool_calling": {
      "correct": 3,
      "total": 3,
      "accuracy": 1.0,
      "avg_time_ms": 23.672103881835938
    },
    "robustness": {
      "correct": 3,
      "total": 5,
      "accuracy": 0.6,
      "avg_time_ms": 64.00036811828613
    },
    "memory_mb": 57.98123550415039
  }
}