{
  "SPIKE": {
    "arithmetic": {
      "correct": 5,
      "total": 5,
      "accuracy": 1.0,
      "avg_time_ms": 3.071117401123047,
      "max_time_ms": 5.555152893066406
    },
    "memory": {
      "correct": 3,
      "total": 5,
      "accuracy": 0.6,
      "avg_learn_ms": 0.5755424499511719,
      "avg_recall_ms": 101.90720558166504
    },
    "tool_calling": {
      "correct": 3,
      "total": 3,
      "accuracy": 1.0,
      "avg_time_ms": 17.897526423136394
    },
    "robustness": {
      "correct": 3,
      "total": 5,
      "accuracy": 0.6,
      "avg_time_ms": 47.560691833496094
    },
    "memory_mb": 0.45049285888671875
  },
  "NOVA": {
    "arithmetic": {
      "correct": 5,
      "total": 5,
      "accuracy": 1.0,
      "avg_time_ms": 5.816030502319336,
      "max_time_ms": 8.148908615112305
    },
    "memory": {
      "correct": 4,
      "total": 5,
      "accuracy": 0.8,
      "avg_learn_ms": 1.8779754638671875,
      "avg_recall_ms": 5.617189407348633
    },
    "tool_calling": {
      "correct": 3,
      "total": 3,
      "accuracy": 1.0,
      "avg_time_ms": 23.376941680908203
    },
    "robustness": {
      "correct": 5,
      "total": 5,
      "accuracy": 1.0,
      "avg_time_ms": 4.112339019775391
    },
    "memory_mb": 57.53156661987305
  },
  "HYBRID": {
    "arithmetic": {
      "correct": 5,
      "total": 5,
      "accuracy": 1.0,
      "avg_time_ms": 7.780551910400391,
      "max_time_ms": 27.786970138549805
    },
    "memory": {
      "correct": 3,
      "total": 5,
      "accuracy": 0.6,
      "avg_learn_ms": 2.7570247650146484,
      "avg_recall_ms": 106.37216567993164
    },
    "tool_calling": {
      "correct": 3,
      "total": 3,
      "accuracy": 1.0,
      "avg_time_ms": 27.68882115681966
    },
    "robustness": {
      "correct": 4,
      "total": 5,
      "accuracy": 0.8,
      "avg_time_ms": 60.87846755981445
    },
    "memory_mb": 57.98164749145508
  }
}