{
  "SPIKE": {
    "arithmetic": {
      "correct": 5,
      "total": 5,
      "accuracy": 1.0,
      "avg_time_ms": 4.162693023681641,
      "max_time_ms": 7.172107696533203
    },
    "memory": {
      "correct": 3,
      "total": 5,
      "accuracy": 0.6,
      "avg_learn_ms": 0.6856441497802734,
      "avg_recall_ms": 127.96940803527832
    },
    "tool_calling": {
      "correct": 3,
      "total": 3,
      "accuracy": 1.0,
      "avg_time_ms": 15.070041020711264
    },
    "robustness": {
      "correct": 5,
      "total": 5,
      "accuracy": 1.0,
      "avg_time_ms": 53.984642028808594
    },
    "memory_mb": 0.4507598876953125
  },
  "NOVA": {
    "arithmetic": {
      "correct": 5,
      "total": 5,
      "accuracy": 1.0,
      "avg_time_ms": 5.709028244018555,
      "max_time_ms": 8.461713790893555
    },
    "memory": {
      "correct": 5,
      "total": 5,
      "accuracy": 1.0,
      "avg_learn_ms": 1.0993003845214844,
      "avg_recall_ms": 5.962038040161133
    },
    "tool_calling": {
      "correct": 3,
      "total": 3,
      "accuracy": 1.0,
      "avg_time_ms": 11.530717213948568
    },
    "robustness": {
      "correct": 5,
      "total": 5,
      "accuracy": 1.0,
      "avg_time_ms": 4.340219497680664
    },
    "memory_mb": 57.53156661987305
  },
  "AETHER": {
    "arithmetic": {
      "correct": 3,
      "total": 5,
      "accuracy": 0.6,
      "avg_time_ms": 307.83843994140625,
      "max_time_ms": 340.90614318847656
    },
    "memory": {
      "correct": 3,
      "total": 5,
      "accuracy": 0.6,
      "avg_learn_ms": 316.9482231140137,
      "avg_recall_ms": 458.58635902404785
    },
    "tool_calling": {
      "correct": 0,
      "total": 3,
      "accuracy": 0.0,
      "avg_time_ms": 499.5059172312419
    },
    "robustness": {
      "correct": 1,
      "total": 5,
      "accuracy": 0.2,
      "avg_time_ms": 626.4010429382324
    },
    "memory_mb": 0.0
  },
  "HYBRID": {
    "arithmetic": {
      "correct": 5,
      "total": 5,
      "accuracy": 1.0,
      "avg_time_ms": 3.2381057739257812,
      "max_time_ms": 4.457712173461914
    },
    "memory": {
      "correct": 3,
      "total": 5,
      "accuracy": 0.6,
      "avg_learn_ms": 2.210092544555664,
      "avg_recall_ms": 127.7411937713623
    },
    "tool_calling": {
      "correct": 3,
      "total": 3,
      "accuracy": 1.0,
      "avg_time_ms": 16.77258809407552
    },
    "robustness": {
      "correct": 2,
      "total": 5,
      "accuracy": 0.4,
      "avg_time_ms": 59.8475456237793
    },
    "memory_mb": 57.981327056884766
  }
}